city_id,city_name,country,latitude,longitude,weather_date,temp,humidity,cloudiness,wind_speed
2343985.0,Effium,NG,6.63,8.06,07/19/20,73.4,100.0,75.0,4.16
5848280.0,Kapaa,US,22.08,-159.32,07/19/20,78.98,83.0,90.0,13.87
2065594.0,Mount Isa,AU,-20.73,139.5,07/19/20,75.2,14.0,81.0,12.75
3370903.0,Jamestown,SH,-15.94,-5.72,07/19/20,62.01,88.0,90.0,17.18
156589.0,Koani,TZ,-6.13,39.28,07/19/20,75.2,78.0,20.0,8.05
2163355.0,Hobart,AU,-42.88,147.33,07/19/20,49.01,61.0,75.0,18.34
4032243.0,Vaini,TO,-21.2,-175.2,07/19/20,69.8,94.0,90.0,6.93
1806445.0,Ji’an,CN,27.12,114.98,07/19/20,80.4,85.0,100.0,3.29
3946820.0,Barranca,PE,-10.75,-77.77,07/19/20,60.01,85.0,68.0,5.66
,,,,,,,,,
964432.0,Port Alfred,ZA,-33.59,26.89,07/19/20,62.98,29.0,0.0,8.08
,,,,,,,,,
4030556.0,Rikitea,PF,-23.12,-134.97,07/19/20,68.88,58.0,1.0,11.81
4031574.0,Provideniya,RU,64.38,-173.3,07/19/20,50.0,81.0,75.0,13.42
1650434.0,Bambanglipuro,ID,-7.95,110.28,07/19/20,83.05,70.0,53.0,14.9
6646306.0,Dongzhen,CN,22.38,110.94,07/19/20,91.99,44.0,97.0,10.96
,,,,,,,,,
3366880.0,Hermanus,ZA,-34.42,19.23,07/19/20,55.0,91.0,16.0,3.0
1644932.0,Ende,ID,-8.84,121.66,07/19/20,85.69,50.0,21.0,4.81
3379507.0,Bartica,GY,6.4,-58.62,07/19/20,75.2,100.0,40.0,2.24
3652764.0,Puerto Ayora,EC,-0.74,-90.35,07/19/20,69.01,93.0,77.0,4.0
1507390.0,Dikson,RU,73.51,80.55,07/19/20,41.02,98.0,80.0,9.86
2012530.0,Zhigansk,RU,66.77,123.37,07/19/20,62.94,70.0,100.0,4.29
1257242.0,Sārangarh,IN,21.6,83.08,07/19/20,88.66,62.0,100.0,9.71
,,,,,,,,,
2077963.0,Albany,AU,-35.02,117.89,07/19/20,57.2,67.0,40.0,10.29
2447513.0,Arlit,NE,18.74,7.39,07/19/20,84.61,45.0,0.0,3.06
6167817.0,Torbay,CA,47.67,-52.73,07/19/20,59.79,87.0,20.0,11.41
2511150.0,Santa Lucía,ES,27.91,-15.54,07/19/20,76.66,69.0,0.0,27.51
1803936.0,Wuwei,CN,37.93,102.64,07/19/20,81.0,40.0,98.0,3.2
986717.0,Kruisfontein,ZA,-34.0,24.73,07/19/20,52.02,41.0,0.0,7.18
5880054.0,Barrow,US,71.29,-156.79,07/19/20,37.4,86.0,90.0,14.99
1505260.0,Ivdel',RU,60.69,60.42,07/19/20,58.32,75.0,99.0,9.78
3874787.0,Punta Arenas,CL,-53.15,-70.92,07/19/20,33.39,80.0,97.0,8.05
1337607.0,Kudahuvadhoo,MV,2.67,72.89,07/19/20,83.66,76.0,100.0,20.27
2037712.0,Dehui,CN,44.53,125.7,07/19/20,71.6,73.0,90.0,4.47
2013918.0,Ust-Maya,RU,60.42,134.53,07/19/20,85.87,41.0,88.0,11.07
3420846.0,Qaqortoq,GL,60.72,-46.03,07/19/20,51.8,53.0,79.0,3.36
3374121.0,Ribeira Brava,CV,16.62,-24.3,07/19/20,71.15,96.0,9.0,11.48
1512019.0,Aksarka,RU,66.56,67.8,07/19/20,60.19,55.0,23.0,6.53
,,,,,,,,,
2630299.0,Hofn,IS,64.25,-15.21,07/19/20,51.91,72.0,98.0,1.99
1631637.0,Pemangkat,ID,1.17,108.97,07/19/20,84.96,64.0,100.0,1.28
,,,,,,,,,
,,,,,,,,,
,,,,,,,,,
3932145.0,Pisco,PE,-13.7,-76.22,07/19/20,59.0,87.0,20.0,2.24
2126123.0,Chokurdakh,RU,70.63,147.92,07/19/20,77.95,37.0,100.0,15.82
4470244.0,Havelock,US,34.88,-76.9,07/19/20,83.37,45.0,1.0,10.29
2129163.0,Mombetsu,JP,44.35,143.35,07/19/20,69.8,83.0,20.0,6.93
3421982.0,Maniitsoq,GL,65.42,-52.9,07/19/20,49.95,75.0,100.0,2.06
4035715.0,Avarua,CK,-21.21,-159.78,07/19/20,75.2,73.0,67.0,19.46
4020109.0,Atuona,PF,-9.8,-139.03,07/19/20,79.65,77.0,45.0,16.22
2075265.0,Busselton,AU,-33.65,115.33,07/19/20,59.18,49.0,0.0,10.58
,,,,,,,,,
2178753.0,Kirakira,SB,-10.45,161.92,07/19/20,82.71,76.0,22.0,7.56
3833367.0,Ushuaia,AR,-54.8,-68.3,07/19/20,26.6,92.0,0.0,9.17
5847411.0,Kahului,US,20.89,-156.47,07/19/20,78.33,51.0,40.0,23.04
2525392.0,Capaci,IT,38.17,13.24,07/19/20,72.97,61.0,0.0,5.82
116402.0,Semnan,IR,35.57,53.4,07/19/20,85.77,16.0,0.0,7.18
2126710.0,Beringovskiy,RU,63.05,179.32,07/19/20,45.3,74.0,80.0,11.39
,,,,,,,,,
1512524.0,Tuytepa,UZ,41.03,69.36,07/19/20,84.2,35.0,20.0,2.24
3480908.0,La Asuncion,VE,11.03,-63.86,07/19/20,82.4,88.0,8.0,13.87
3573197.0,Hamilton,BM,32.29,-64.78,07/19/20,77.85,78.0,75.0,6.93
5924351.0,Clyde River,CA,70.47,-68.59,07/19/20,41.0,93.0,1.0,4.7
1272864.0,Dhārchula,IN,29.85,80.53,07/19/20,76.48,67.0,38.0,4.47
,,,,,,,,,
6111862.0,Port Hardy,CA,50.7,-127.42,07/19/20,64.4,68.0,20.0,6.93
779622.0,Havøysund,NO,71.0,24.66,07/19/20,50.0,93.0,75.0,16.11
1806466.0,Guangyuan,CN,32.44,105.82,07/19/20,80.96,65.0,100.0,5.32
4034551.0,Faanui,PF,-16.48,-151.75,07/19/20,76.95,84.0,66.0,21.79
6170031.0,Tuktoyaktuk,CA,69.45,-133.04,07/19/20,48.2,76.0,75.0,3.36
2112309.0,Katsuura,JP,35.13,140.3,07/19/20,84.61,83.0,75.0,8.05
778707.0,Mehamn,NO,71.04,27.85,07/19/20,51.13,87.0,100.0,5.37
2134814.0,Sola,VU,-13.88,167.55,07/19/20,80.6,65.0,90.0,6.93
1852357.0,Shimoda,JP,34.67,138.95,07/19/20,81.68,78.0,75.0,9.17
2136825.0,Isangel,VU,-19.55,169.27,07/19/20,77.0,61.0,40.0,9.17
3985168.0,San Patricio,MX,19.22,-104.7,07/19/20,80.04,86.0,90.0,6.91
2068110.0,Kununurra,AU,-15.77,128.73,07/19/20,86.0,18.0,0.0,5.82
2074865.0,Carnarvon,AU,-24.87,113.63,07/19/20,69.8,37.0,0.0,14.99
2179670.0,Wanganui,NZ,-39.93,175.05,07/19/20,60.01,67.0,97.0,3.0
5861897.0,Fairbanks,US,64.84,-147.72,07/19/20,69.46,46.0,1.0,8.05
4031637.0,Lavrentiya,RU,65.58,-171.0,07/19/20,47.77,74.0,100.0,9.91
2155415.0,New Norfolk,AU,-42.78,147.06,07/19/20,47.97,76.0,59.0,1.99
1847947.0,Shingū,JP,33.73,135.98,07/19/20,82.4,88.0,75.0,4.7
,,,,,,,,,
2123814.0,Leningradskiy,RU,69.38,178.42,07/19/20,43.9,69.0,1.0,9.71
1261375.0,Nimāparha,IN,20.07,86.02,07/19/20,86.0,84.0,75.0,18.34
,,,,,,,,,
6690296.0,Saint-Joseph,RE,-21.37,55.62,07/19/20,55.26,72.0,75.0,9.17
210379.0,Lusambo,CD,-4.97,23.45,07/19/20,62.98,50.0,1.0,2.21
1282256.0,Hithadhoo,MV,-0.6,73.08,07/19/20,82.87,78.0,100.0,14.07
962847.0,Reitz,ZA,-27.8,28.43,07/19/20,35.67,66.0,0.0,3.65
3466165.0,Cidreira,BR,-30.18,-50.21,07/19/20,65.95,79.0,76.0,5.39
3382226.0,Camopi,GF,3.17,-52.32,07/19/20,71.33,97.0,98.0,2.01
,,,,,,,,,
2618795.0,Klaksvík,FO,62.23,-6.59,07/19/20,50.0,87.0,70.0,12.75
546105.0,Nikolskoye,RU,59.7,30.79,07/19/20,62.31,87.0,81.0,4.47
,,,,,,,,,
1835848.0,Seoul,KR,37.57,126.98,07/19/20,73.9,88.0,90.0,13.18
,,,,,,,,,
161974.0,Bereket,TM,39.24,55.52,07/19/20,92.46,24.0,0.0,4.68
3419842.0,Sisimiut,GL,66.94,-53.67,07/19/20,49.75,77.0,41.0,2.84
,,,,,,,,,
3372783.0,Ponta Delgada,PT,37.73,-25.67,07/19/20,68.0,72.0,75.0,5.82
115781.0,Shahr-e Bābak,IR,30.12,55.12,07/19/20,79.21,16.0,0.0,10.11
,,,,,,,,,
,,,,,,,,,
,,,,,,,,,
88533.0,Awjilah,LY,29.11,21.29,07/19/20,72.46,59.0,1.0,9.73
3517970.0,Pochutla,MX,15.74,-96.47,07/19/20,76.42,88.0,24.0,3.69
,,,,,,,,,
286245.0,Sur,OM,22.57,59.53,07/19/20,88.34,66.0,81.0,6.08
2171722.0,Charters Towers,AU,-20.1,146.27,07/19/20,76.55,38.0,4.0,8.37
2242885.0,Camabatela,AO,-8.19,15.38,07/19/20,55.38,40.0,0.0,3.94
3870243.0,Taltal,CL,-25.4,-70.48,07/19/20,56.62,74.0,100.0,1.7
,,,,,,,,,
3455756.0,Osvaldo Cruz,BR,-21.8,-50.88,07/19/20,62.37,44.0,0.0,8.37
6165406.0,Thompson,CA,55.74,-97.86,07/19/20,62.6,72.0,75.0,3.36
2013465.0,Verkhoyansk,RU,67.54,133.38,07/19/20,70.66,66.0,88.0,5.7
230893.0,Kitgum,UG,3.28,32.89,07/19/20,63.07,92.0,56.0,4.41
3689589.0,Ariguaní,CO,10.25,-74.0,07/19/20,80.01,87.0,57.0,2.98
526296.0,Mirskoy,RU,45.54,40.4,07/19/20,74.03,59.0,5.0,5.57
3369157.0,Cape Town,ZA,-33.93,18.42,07/19/20,53.42,93.0,0.0,5.82
,,,,,,,,,
1497210.0,Novoagansk,RU,61.94,76.66,07/19/20,55.67,83.0,100.0,20.54
5563839.0,Fortuna,US,40.6,-124.16,07/19/20,54.79,100.0,90.0,8.05
,,,,,,,,,
212902.0,Kindu,CD,-2.95,25.95,07/19/20,65.5,63.0,0.0,1.97
2160053.0,Lithgow,AU,-33.48,150.15,07/19/20,63.99,33.0,0.0,9.73
3860443.0,Comodoro Rivadavia,AR,-45.87,-67.5,07/19/20,42.8,87.0,90.0,9.17
,,,,,,,,,
933995.0,Souillac,MU,-20.52,57.52,07/19/20,69.8,60.0,75.0,17.22
2121385.0,Severo-Kuril'sk,RU,50.68,156.12,07/19/20,53.26,80.0,64.0,14.14
5955902.0,Fort Nelson,CA,58.81,-122.7,07/19/20,75.2,47.0,40.0,3.36
545728.0,Komsomol'skiy,RU,43.98,46.7,07/19/20,86.2,46.0,0.0,10.49
4032420.0,Neiafu,TO,-18.65,-173.98,07/19/20,75.2,78.0,75.0,11.41
,,,,,,,,,
3421719.0,Narsaq,GL,60.92,-46.05,07/19/20,51.8,53.0,58.0,3.36
3139597.0,Sistranda,NO,63.73,8.83,07/19/20,53.6,93.0,75.0,3.36
1273626.0,Medininagar,IN,24.03,84.07,07/19/20,89.6,59.0,100.0,10.29
935214.0,Saint-Pierre,RE,-21.34,55.48,07/19/20,56.17,72.0,75.0,9.17
2123979.0,Kuril'sk,RU,45.23,147.88,07/19/20,61.34,85.0,90.0,4.54
5855927.0,Hilo,US,19.73,-155.09,07/19/20,74.21,78.0,90.0,9.55
5282297.0,Bethel,US,41.37,-73.41,07/19/20,75.76,83.0,75.0,5.28
3414079.0,Olafsvik,IS,64.89,-23.71,07/19/20,47.53,80.0,39.0,7.78
337405.0,Gambēla,ET,8.25,34.58,07/19/20,66.33,86.0,97.0,2.46
,,,,,,,,,
1880252.0,Singapore,SG,1.29,103.85,07/19/20,86.97,66.0,75.0,6.93
3446098.0,Três Lagoas,BR,-20.75,-51.68,07/19/20,63.75,47.0,0.0,6.67
170062.0,Aleppo Governorate,SY,36.25,37.5,07/19/20,76.44,67.0,0.0,7.07
3547930.0,Mantua,CU,22.29,-84.28,07/19/20,77.67,85.0,94.0,4.52
3412093.0,Vestmannaeyjar,IS,63.44,-20.27,07/19/20,48.9,79.0,27.0,0.87
2194098.0,Ahipara,NZ,-35.17,173.17,07/19/20,61.79,84.0,93.0,2.84
2110227.0,Butaritari,KI,3.07,172.79,07/19/20,82.92,79.0,0.0,15.82
3938415.0,Ilo,PE,-17.64,-71.34,07/19/20,58.41,78.0,90.0,6.42
2206939.0,Bluff,NZ,-46.6,168.33,07/19/20,45.79,83.0,99.0,5.77
4156404.0,Gainesville,US,29.65,-82.32,07/19/20,79.23,83.0,1.0,3.36
,,,,,,,,,
2071860.0,Esperance,AU,-33.87,121.9,07/19/20,55.4,66.0,64.0,8.05
1525376.0,Bestöbe,KZ,52.5,73.1,07/19/20,83.8,43.0,76.0,10.29
2400547.0,Gamba,GA,-2.65,10.0,07/19/20,70.81,85.0,85.0,4.43
1006984.0,East London,ZA,-33.02,27.91,07/19/20,48.2,87.0,0.0,5.82
2112802.0,Hasaki,JP,35.73,140.83,07/19/20,81.82,78.0,75.0,5.82
2259947.0,Gamboma,CG,-1.88,15.86,07/19/20,73.71,75.0,87.0,2.59
1162738.0,Wah,PK,33.8,72.7,07/19/20,83.57,62.0,75.0,14.99
3590069.0,San José,GT,16.98,-89.9,07/19/20,73.78,91.0,72.0,2.51
2015306.0,Tiksi,RU,71.69,128.87,07/19/20,61.65,57.0,56.0,6.35
3471451.0,Arraial do Cabo,BR,-22.97,-42.03,07/19/20,70.41,85.0,0.0,22.44
6096551.0,Pangnirtung,CA,66.15,-65.71,07/19/20,54.82,69.0,100.0,1.57
6144312.0,Sept-Îles,CA,50.2,-66.38,07/19/20,66.09,82.0,75.0,10.29
3418910.0,Upernavik,GL,72.79,-56.15,07/19/20,48.69,56.0,17.0,6.49
3893656.0,Copiapó,CL,-27.37,-70.33,07/19/20,50.0,93.0,100.0,4.7
1490256.0,Talnakh,RU,69.49,88.4,07/19/20,55.4,62.0,55.0,15.66
,,,,,,,,,
5972291.0,Havre-St-Pierre,CA,50.23,-63.6,07/19/20,69.8,68.0,90.0,8.05
2411397.0,Georgetown,SH,-7.93,-14.42,07/19/20,75.43,73.0,35.0,18.1
3406318.0,Barra do Corda,BR,-5.5,-45.25,07/19/20,76.41,52.0,70.0,2.68
1254709.0,Tezu,IN,27.92,96.17,07/19/20,74.88,87.0,100.0,2.91
1283285.0,Jumla,NP,29.27,82.18,07/19/20,72.28,53.0,50.0,4.79
3347353.0,Menongue,AO,-14.66,17.69,07/19/20,41.4,78.0,0.0,3.11
1637001.0,Biak,ID,-0.91,122.88,07/19/20,82.09,72.0,39.0,7.27
2160735.0,Lakes Entrance,AU,-37.88,147.98,07/19/20,57.0,61.0,79.0,4.0
935215.0,Saint-Philippe,RE,-21.36,55.77,07/19/20,57.96,72.0,75.0,9.17
5866583.0,Saint Paul Harbor,US,57.79,-152.41,07/19/20,60.8,77.0,90.0,18.34
3945985.0,Camaná,PE,-16.62,-72.71,07/19/20,58.73,78.0,94.0,8.61
,,,,,,,,,
1106677.0,Bambous Virieux,MU,-20.34,57.76,07/19/20,69.89,60.0,75.0,17.22
3424607.0,Tasiilaq,GL,65.61,-37.64,07/19/20,42.8,93.0,54.0,6.93
3441890.0,Departamento de Maldonado,UY,-34.67,-54.92,07/19/20,67.01,93.0,40.0,7.7
,,,,,,,,,
1067565.0,Beloha,MG,-25.17,45.05,07/19/20,58.23,85.0,0.0,7.76
371745.0,Kutum,SD,14.2,24.67,07/19/20,73.38,67.0,88.0,12.03
1715015.0,Dicabisagan,PH,17.08,122.42,07/19/20,88.05,59.0,67.0,6.55
1015776.0,Bredasdorp,ZA,-34.53,20.04,07/19/20,53.6,93.0,24.0,2.3
1252948.0,Warangal,IN,18.0,79.58,07/19/20,87.35,63.0,98.0,8.14
1295765.0,Sittwe,MM,20.15,92.9,07/19/20,81.84,81.0,100.0,6.26
1786855.0,Yatou,CN,37.15,122.38,07/19/20,80.44,60.0,12.0,11.48
2063042.0,Port Hedland,AU,-20.32,118.57,07/19/20,75.2,36.0,43.0,17.22
3839307.0,Rawson,AR,-43.3,-65.1,07/19/20,45.57,81.0,100.0,11.7
298846.0,Tunceli,TR,39.11,39.55,07/19/20,61.38,45.0,0.0,4.7
5985918.0,Jasper,CA,52.88,-118.09,07/19/20,57.72,62.0,69.0,1.45
1337606.0,Eydhafushi,MV,5.1,73.07,07/19/20,82.17,78.0,100.0,19.35
2126199.0,Cherskiy,RU,68.75,161.3,07/19/20,74.95,35.0,0.0,2.26
3831208.0,Qaanaaq,GL,77.48,-69.36,07/19/20,44.64,76.0,99.0,1.79
964420.0,Port Elizabeth,ZA,-33.92,25.57,07/19/20,42.8,93.0,0.0,3.36
6185377.0,Yellowknife,CA,62.46,-114.35,07/19/20,66.94,68.0,75.0,6.93
659180.0,Hämeenlinna,FI,61.0,24.46,07/19/20,60.55,100.0,100.0,1.63
609919.0,Quryq,KZ,43.2,51.65,07/19/20,92.01,22.0,0.0,16.17
3421765.0,Nanortalik,GL,60.14,-45.24,07/19/20,45.39,76.0,19.0,3.49
2966778.0,Ballina,IE,54.12,-9.17,07/19/20,41.74,95.0,34.0,3.78
5367788.0,Lompoc,US,34.64,-120.46,07/19/20,60.4,77.0,0.0,9.17
1636426.0,Manggar,ID,-2.88,108.27,07/19/20,82.54,80.0,100.0,13.89
408689.0,Lárdos,GR,36.09,28.02,07/19/20,74.23,88.0,20.0,12.75
286621.0,Salalah,OM,17.02,54.09,07/19/20,78.8,100.0,90.0,6.93
1706950.0,Laylay,PH,13.44,121.82,07/19/20,82.99,72.0,65.0,4.23
1226260.0,Trincomalee,LK,8.57,81.23,07/19/20,85.44,64.0,80.0,3.36
,,,,,,,,,
241131.0,Victoria,SC,-4.62,55.45,07/19/20,80.6,83.0,75.0,13.87
3347019.0,Mossamedes,AO,-15.2,12.15,07/19/20,67.68,57.0,32.0,6.29
56399.0,Jamame,SO,0.07,42.75,07/19/20,74.88,79.0,100.0,9.48
1293625.0,Dawei,MM,14.08,98.2,07/19/20,86.59,64.0,100.0,4.7
3445026.0,Vila Velha,BR,-20.33,-40.29,07/19/20,68.0,94.0,75.0,3.36
3354071.0,Oranjemund,NA,-28.55,16.43,07/19/20,61.61,32.0,0.0,3.56
1649150.0,Bengkulu,ID,-3.8,102.27,07/19/20,85.98,64.0,0.0,6.78
4013679.0,Coahuayana Viejo,MX,18.73,-103.68,07/19/20,78.8,89.0,85.0,0.98
3372707.0,Ribeira Grande,PT,38.52,-28.7,07/19/20,68.81,76.0,46.0,1.86
2017155.0,Saskylakh,RU,71.92,114.08,07/19/20,62.42,49.0,69.0,11.25
,,,,,,,,,
,,,,,,,,,
3671337.0,Puerto Rondón,CO,6.28,-71.1,07/19/20,74.19,88.0,79.0,3.53
3459094.0,Laguna,BR,-28.48,-48.78,07/19/20,62.82,89.0,9.0,6.6
2028164.0,Deputatsky,RU,69.3,139.9,07/19/20,67.28,53.0,96.0,4.38
5503914.0,Fallon,US,39.47,-118.78,07/19/20,87.8,18.0,1.0,24.16
,,,,,,,,,
2062276.0,Roebourne,AU,-20.78,117.13,07/19/20,73.06,46.0,0.0,17.45
727696.0,Razgrad,BG,43.53,26.52,07/19/20,62.56,89.0,40.0,6.73
581049.0,Arkhangelsk,RU,64.54,40.54,07/19/20,60.8,77.0,0.0,2.24
1520947.0,Mikhaylovka,KZ,43.0,71.5,07/19/20,91.4,17.0,75.0,11.18
3985710.0,Cabo San Lucas,MX,22.89,-109.91,07/19/20,88.72,36.0,20.0,5.82
3440777.0,Rocha,UY,-34.48,-54.33,07/19/20,66.15,88.0,100.0,5.26
3883457.0,Lebu,CL,-37.62,-73.65,07/19/20,51.04,87.0,0.0,12.33
3526756.0,Isla Mujeres,MX,21.23,-86.73,07/19/20,80.55,83.0,40.0,4.7
352733.0,Marsá Maţrūḩ,EG,31.35,27.25,07/19/20,71.6,78.0,0.0,7.9
,,,,,,,,,
2015707.0,Takhtamygda,RU,54.1,123.57,07/19/20,65.44,88.0,100.0,8.08
1506938.0,Erzin,RU,50.26,95.16,07/19/20,76.89,32.0,0.0,3.13
556268.0,Ostrovnoy,RU,68.05,39.51,07/19/20,65.77,60.0,9.0,13.47
1283240.0,Kathmandu,NP,27.72,85.32,07/19/20,71.6,100.0,90.0,5.82
702507.0,Lysa Hora,UA,48.17,31.11,07/19/20,66.38,74.0,86.0,4.94
2381334.0,Atar,MR,20.52,-13.05,07/19/20,83.62,46.0,1.0,7.92
,,,,,,,,,
1489571.0,Tinskoy,RU,56.15,96.92,07/19/20,68.56,39.0,67.0,5.3
2057087.0,Kupang,ID,-10.17,123.58,07/19/20,89.6,33.0,20.0,14.99
5197850.0,Lewistown,US,40.6,-77.57,07/19/20,74.12,94.0,1.0,4.88
3374346.0,Ponta do Sol,CV,17.2,-25.09,07/19/20,77.0,83.0,40.0,10.29
978895.0,Margate,ZA,-30.86,30.37,07/19/20,57.31,49.0,0.0,7.29
1800519.0,Mingguang,CN,32.78,117.96,07/19/20,81.46,69.0,75.0,3.85
218680.0,Boende,CD,-0.22,20.87,07/19/20,70.45,81.0,94.0,1.3
3466980.0,Caravelas,BR,-17.71,-39.25,07/19/20,70.61,91.0,100.0,6.29
1054329.0,Vangaindrano,MG,-23.35,47.6,07/19/20,62.31,72.0,68.0,0.2
,,,,,,,,,
2122090.0,Pevek,RU,69.7,170.31,07/19/20,49.87,54.0,0.0,6.53
2132606.0,Samarai,PG,-10.62,150.67,07/19/20,76.96,84.0,95.0,16.62
3896218.0,Castro,CL,-42.47,-73.77,07/19/20,45.12,100.0,90.0,3.36
610298.0,Beyneu,KZ,45.32,55.2,07/19/20,93.29,19.0,0.0,11.52
,,,,,,,,,
6355222.0,Yulara,AU,-25.24,130.99,07/19/20,53.6,81.0,90.0,14.99
4011743.0,Constitucion,MX,23.99,-104.67,07/19/20,61.0,79.0,100.0,7.0
5850554.0,Makakilo City,US,21.35,-158.09,07/19/20,83.34,62.0,20.0,9.17
1633419.0,Padang,ID,-0.95,100.35,07/19/20,84.2,70.0,20.0,3.36
3573061.0,Saint George,BM,32.38,-64.68,07/19/20,78.03,78.0,75.0,6.93
3430863.0,Mar del Plata,AR,-38.0,-57.56,07/19/20,51.58,100.0,90.0,13.87
533793.0,Lubyany,RU,56.04,51.4,07/19/20,62.6,100.0,90.0,13.42
2020888.0,Lazo,RU,43.38,133.9,07/19/20,66.87,77.0,100.0,7.34
,,,,,,,,,
2512186.0,Puerto del Rosario,ES,28.5,-13.86,07/19/20,78.8,57.0,0.0,16.11
2108857.0,Gizo Government Station,SB,-8.1,156.84,07/19/20,82.47,77.0,11.0,12.48
3395981.0,Maceió,BR,-9.67,-35.74,07/19/20,71.6,94.0,75.0,6.93
153220.0,Morogoro,TZ,-6.82,37.67,07/19/20,62.6,93.0,13.0,3.38
696478.0,Poroshkovo,UA,48.67,22.75,07/19/20,62.01,95.0,89.0,2.21
5859699.0,College,US,64.86,-147.8,07/19/20,69.4,49.0,75.0,5.82
2092164.0,Lorengau,PG,-2.02,147.27,07/19/20,85.6,69.0,78.0,11.43
485660.0,Tsimmerbude,RU,54.67,20.13,07/19/20,62.6,82.0,5.0,6.71
1504382.0,Kargasok,RU,59.06,80.86,07/19/20,70.52,69.0,35.0,12.24
1488429.0,Uray,RU,60.12,64.78,07/19/20,63.63,63.0,6.0,10.85
5742974.0,North Bend,US,43.41,-124.22,07/19/20,58.84,100.0,90.0,23.04
3347939.0,Lobito,AO,-12.35,13.55,07/19/20,68.94,61.0,0.0,2.01
3662489.0,Santa Isabel Rio Negro,BR,-0.41,-65.02,07/19/20,72.77,93.0,40.0,1.88
3936456.0,Lima,PE,-12.04,-77.03,07/19/20,60.8,77.0,90.0,8.05
2450849.0,Sokolo,ML,14.73,-6.12,07/19/20,81.28,64.0,56.0,2.48
3869716.0,Tocopilla,CL,-22.09,-70.2,07/19/20,58.01,69.0,92.0,5.14
3361142.0,Springbok,ZA,-29.66,17.89,07/19/20,51.6,38.0,0.0,7.87
2138285.0,Tadine,NC,-21.55,167.88,07/19/20,71.96,63.0,0.0,13.53
2685750.0,Östersund,SE,63.18,14.64,07/19/20,57.2,93.0,80.0,9.17
3421319.0,Nuuk,GL,64.18,-51.72,07/19/20,55.4,50.0,100.0,11.41
3654410.0,Manta,EC,-0.95,-80.73,07/19/20,70.14,85.0,83.0,12.8
1141857.0,Gardez,AF,33.6,69.23,07/19/20,71.49,22.0,0.0,7.02
2020838.0,Lensk,RU,60.73,114.93,07/19/20,55.31,90.0,100.0,7.31
5969025.0,Haines Junction,CA,60.75,-137.51,07/19/20,55.11,67.0,100.0,6.64
3194209.0,Odžaci,RS,45.51,19.26,07/19/20,57.2,100.0,90.0,2.24
,,,,,,,,,
934322.0,Mahébourg,MU,-20.41,57.7,07/19/20,69.8,60.0,75.0,17.22
2063036.0,Port Lincoln,AU,-34.73,135.87,07/19/20,56.21,57.0,62.0,8.95
2729907.0,Longyearbyen,SJ,78.22,15.64,07/19/20,44.6,87.0,75.0,11.41
1214488.0,Meulaboh,ID,4.14,96.13,07/19/20,87.12,63.0,41.0,1.77
2210247.0,Tripoli,LY,32.88,13.19,07/19/20,74.26,75.0,63.0,3.18
,,,,,,,,,
1061335.0,Mananjary,MG,-21.22,48.33,07/19/20,64.76,68.0,100.0,3.94
3461370.0,Imbituba,BR,-28.24,-48.67,07/19/20,64.4,100.0,75.0,14.99
,,,,,,,,,
3389622.0,Santa Helena,BR,-2.23,-45.3,07/19/20,70.95,95.0,4.0,1.83
1174062.0,Kharan,PK,28.58,65.42,07/19/20,90.75,40.0,41.0,13.33
3058531.0,Nitra,SK,48.31,18.08,07/19/20,60.03,93.0,0.0,4.7
336454.0,Ginir,ET,7.13,40.7,07/19/20,56.14,87.0,77.0,8.72
2260401.0,Djambala,CG,-2.54,14.75,07/19/20,69.15,69.0,28.0,4.85
2038665.0,Alihe,CN,50.57,123.72,07/19/20,78.15,32.0,72.0,4.99
3671519.0,Puerto Carreño,CO,6.19,-67.49,07/19/20,76.68,88.0,100.0,0.04
3164387.0,Vieste,IT,41.88,16.18,07/19/20,60.8,82.0,5.0,6.93
3125287.0,Cervo,ES,43.67,-7.41,07/19/20,62.01,87.0,70.0,3.0
3443061.0,Chui,UY,-33.7,-53.46,07/19/20,66.34,86.0,95.0,7.2
2396853.0,Omboué,GA,-1.57,9.26,07/19/20,72.55,82.0,100.0,5.93
5601538.0,Moscow,US,46.73,-117.0,07/19/20,76.3,44.0,1.0,1.16
1529484.0,Kumul,CN,42.8,93.45,07/19/20,96.76,12.0,40.0,9.42
,,,,,,,,,
254949.0,Plomari,GR,38.98,26.37,07/19/20,71.6,78.0,0.0,4.7
5965462.0,Gravelbourg,CA,49.88,-106.55,07/19/20,63.37,63.0,69.0,3.85
1252783.0,Yārāda,IN,17.65,83.27,07/19/20,84.2,83.0,75.0,6.93
,,,,,,,,,
2121025.0,Srednekolymsk,RU,67.45,153.68,07/19/20,79.25,32.0,0.0,11.23
1078553.0,Ampanihy,MG,-24.7,44.75,07/19/20,55.42,91.0,0.0,5.68
1651531.0,Ambon City,ID,-3.7,128.18,07/19/20,84.99,11.0,4.0,1.01
4328010.0,Houma,US,29.6,-90.72,07/19/20,78.93,94.0,1.0,5.75
57000.0,Hobyo,SO,5.35,48.53,07/19/20,77.97,71.0,78.0,25.12
2064735.0,Nhulunbuy,AU,-12.23,136.77,07/19/20,84.2,51.0,25.0,16.11
3838859.0,Río Gallegos,AR,-51.62,-69.22,07/19/20,32.0,88.0,75.0,4.7
3372760.0,Praia da Vitória,PT,38.73,-27.07,07/19/20,69.8,73.0,75.0,5.5
,,,,,,,,,
6050066.0,La Ronge,CA,55.1,-105.28,07/19/20,60.8,87.0,75.0,2.24
2122493.0,Omsukchan,RU,62.53,155.8,07/19/20,65.91,43.0,86.0,5.21
1791779.0,Wanning,CN,18.8,110.4,07/19/20,88.36,65.0,100.0,14.25
2013258.0,Vrangel',RU,42.73,133.08,07/19/20,65.26,93.0,100.0,24.25
712569.0,Bilokurakyne,UA,49.53,38.73,07/19/20,65.39,72.0,0.0,4.23
3573681.0,Siparia,TT,10.13,-61.5,07/19/20,78.37,88.0,75.0,6.93
2022572.0,Khatanga,RU,71.97,102.5,07/19/20,51.98,74.0,100.0,5.59
,,,,,,,,,
1485323.0,Zaykovo,RU,57.56,62.76,07/19/20,65.25,92.0,99.0,7.99
3356264.0,Keetmanshoop,NA,-26.58,18.13,07/19/20,53.6,23.0,0.0,11.41
904422.0,Mumbwa,ZM,-14.98,27.06,07/19/20,50.4,86.0,0.0,8.1
3894426.0,Coyhaique,CL,-45.58,-72.07,07/19/20,35.6,93.0,90.0,3.36
5720495.0,Coos Bay,US,43.37,-124.22,07/19/20,58.1,100.0,90.0,17.22
1005768.0,Ellisras,ZA,-23.66,27.74,07/19/20,44.22,62.0,0.0,4.52
6166142.0,Thunder Bay,CA,48.4,-89.32,07/19/20,57.56,87.0,90.0,21.92
2156643.0,Mount Gambier,AU,-37.83,140.77,07/19/20,51.8,71.0,90.0,14.99
1802276.0,Longyan,CN,25.11,117.02,07/19/20,92.3,47.0,96.0,5.55
1106643.0,Quatre Cocos,MU,-20.21,57.76,07/19/20,69.91,60.0,75.0,17.22
,,,,,,,,,
6149996.0,Smithers,CA,54.78,-127.17,07/19/20,68.0,60.0,75.0,5.82
3868626.0,Valparaíso,CL,-33.04,-71.63,07/19/20,53.6,100.0,75.0,1.12
3408424.0,Ipixuna,BR,-1.76,-48.8,07/19/20,75.2,100.0,75.0,3.74
1651591.0,Amahai,ID,-3.33,128.92,07/19/20,81.41,78.0,34.0,7.52
2094027.0,Kieta,PG,-6.22,155.63,07/19/20,84.2,73.0,9.0,8.01
3664539.0,Coari,BR,-4.08,-63.14,07/19/20,76.19,81.0,48.0,2.06
2208248.0,Kaitangata,NZ,-46.28,169.85,07/19/20,46.99,65.0,98.0,1.01
,,,,,,,,,
3385980.0,Tucumã,BR,-0.18,-50.05,07/19/20,75.94,86.0,10.0,6.51
1271493.0,Garhwa,IN,24.18,83.82,07/19/20,88.93,60.0,96.0,11.45
5961564.0,Glace Bay,CA,46.2,-59.96,07/19/20,65.23,93.0,40.0,5.82
,,,,,,,,,
2125693.0,Evensk,RU,61.95,159.23,07/19/20,64.18,61.0,61.0,15.88
1039536.0,Maxixe,MZ,-23.86,35.35,07/19/20,66.15,77.0,55.0,8.55
2214432.0,Nālūt,LY,30.33,10.85,07/19/20,71.69,62.0,0.0,14.14
,,,,,,,,,
2088122.0,Port Moresby,PG,-9.44,147.18,07/19/20,82.4,78.0,75.0,18.34
296173.0,Yüksekova,TR,37.57,44.29,07/19/20,69.8,49.0,0.0,6.93
1487272.0,Verkhnyaya Sinyachikha,RU,57.98,61.67,07/19/20,65.1,88.0,100.0,9.93
3664321.0,Eirunepé,BR,-6.66,-69.87,07/19/20,72.77,92.0,0.0,2.64
509401.0,Pirogovo,RU,56.78,53.15,07/19/20,64.0,96.0,100.0,4.0
5554428.0,Ketchikan,US,55.34,-131.65,07/19/20,59.0,87.0,90.0,9.17
3533462.0,Acapulco de Juárez,MX,16.86,-99.89,07/19/20,81.07,81.0,7.0,3.31
2158767.0,Mareeba,AU,-17.0,145.43,07/19/20,75.11,61.0,39.0,3.0
3469437.0,Bom Jesus da Lapa,BR,-13.26,-43.42,07/19/20,61.95,71.0,0.0,5.68
3939168.0,Huarmey,PE,-10.07,-78.15,07/19/20,59.74,86.0,16.0,6.15
,,,,,,,,,
,,,,,,,,,
5563397.0,Eureka,US,40.8,-124.16,07/19/20,55.72,100.0,28.0,1.01
3374210.0,São Filipe,CV,14.9,-24.5,07/19/20,76.24,86.0,88.0,8.95
2961459.0,Skibbereen,IE,51.55,-9.27,07/19/20,50.0,81.0,40.0,9.17
2171085.0,Coffs Harbour,AU,-30.3,153.13,07/19/20,69.08,37.0,0.0,11.41
3401845.0,Conceição do Araguaia,BR,-8.26,-49.26,07/19/20,75.2,60.0,0.0,3.36
3355672.0,Lüderitz,NA,-26.65,15.16,07/19/20,60.8,27.0,0.0,2.24
2282006.0,San-Pédro,CI,4.75,-6.64,07/19/20,73.54,95.0,63.0,5.44
3893629.0,Coquimbo,CL,-29.95,-71.34,07/19/20,50.0,93.0,74.0,4.7
5557293.0,Sitka,US,57.05,-135.33,07/19/20,57.2,93.0,90.0,3.36
2027244.0,Bagdarin,RU,54.43,113.6,07/19/20,49.46,86.0,100.0,6.33
1524889.0,Chardara,KZ,41.25,67.97,07/19/20,89.15,24.0,12.0,1.16
5973108.0,Hearst,CA,49.68,-83.67,07/19/20,55.49,95.0,78.0,13.4
576093.0,Blagoyevo,RU,63.37,47.92,07/19/20,61.81,63.0,0.0,6.24
1494482.0,Polunochnoye,RU,60.87,60.42,07/19/20,56.26,76.0,99.0,9.37
3395458.0,Maragogi,BR,-9.01,-35.22,07/19/20,75.06,85.0,50.0,14.54
2189343.0,Kaeo,NZ,-35.1,173.78,07/19/20,64.0,3.0,82.0,3.0
3346821.0,Ondjiva,AO,-17.07,15.73,07/19/20,46.24,56.0,0.0,6.87
2449893.0,Tessalit,ML,20.2,1.01,07/19/20,85.5,36.0,76.0,8.55
2318123.0,Yenagoa,NG,4.92,6.26,07/19/20,73.76,94.0,100.0,4.34
3665910.0,Villarrica,CO,3.94,-74.6,07/19/20,64.67,69.0,86.0,6.46
3372472.0,Vila Franca do Campo,PT,37.72,-25.43,07/19/20,68.0,72.0,75.0,5.82
,,,,,,,,,
2152667.0,Portland,AU,-38.33,141.6,07/19/20,53.62,66.0,74.0,12.35
3361934.0,Saldanha,ZA,-33.01,17.94,07/19/20,42.8,93.0,0.0,2.24
2014833.0,Tura,RU,64.28,100.25,07/19/20,53.33,74.0,99.0,7.65
3924679.0,Vilhena,BR,-12.74,-60.15,07/19/20,70.47,55.0,0.0,4.21
3577911.0,Dovers,VC,12.88,-61.18,07/19/20,82.49,75.0,3.0,16.6
3832899.0,Viedma,AR,-40.81,-63.0,07/19/20,48.0,95.0,74.0,3.0
3374462.0,Mindelo,CV,16.89,-24.98,07/19/20,77.0,83.0,40.0,10.29
2122293.0,Ozernovskiy,RU,51.5,156.52,07/19/20,51.22,88.0,92.0,9.95
2013727.0,Vanavara,RU,60.34,102.28,07/19/20,63.09,54.0,29.0,3.15
1631393.0,Prabumulih,ID,-3.45,104.25,07/19/20,87.28,62.0,10.0,4.54
139817.0,Bushehr,IR,28.97,50.84,07/19/20,87.8,84.0,20.0,2.55
1731248.0,Alugan,PH,12.22,125.48,07/19/20,86.63,66.0,48.0,7.09
1070940.0,Fenoarivo,MG,-18.93,47.44,07/19/20,51.8,81.0,75.0,10.29
2834282.0,Schwerin,DE,53.63,11.41,07/19/20,58.78,94.0,100.0,5.01
258241.0,Lithakia,GR,37.72,20.83,07/19/20,71.6,60.0,0.0,6.93
3489657.0,Lucea,JM,18.45,-78.17,07/19/20,79.75,78.0,40.0,2.24
3354077.0,Opuwo,NA,-18.06,13.84,07/19/20,48.34,50.0,0.0,8.59
1857260.0,Mikuni,JP,36.22,136.15,07/19/20,86.0,66.0,75.0,10.29
1508260.0,Novobirilyussy,RU,56.95,90.67,07/19/20,70.16,57.0,92.0,5.37
2070998.0,Geraldton,AU,-28.77,114.6,07/19/20,62.6,59.0,0.0,14.99
882955.0,Manica,MZ,-18.94,32.88,07/19/20,55.26,100.0,20.0,4.7
1622318.0,Waingapu,ID,-9.66,120.26,07/19/20,83.57,58.0,28.0,12.01
3460697.0,Itapirapuã,BR,-15.82,-50.61,07/19/20,67.33,49.0,0.0,6.04
1250161.0,Batticaloa,LK,7.71,81.69,07/19/20,84.9,66.0,100.0,2.24
3855065.0,General Roca,AR,-39.03,-67.58,07/19/20,44.6,93.0,100.0,2.24
359792.0,Aswān,EG,24.09,32.91,07/19/20,85.39,22.0,32.0,8.9
,,,,,,,,,
1625908.0,Sungai Raya,ID,0.7,108.9,07/19/20,84.69,70.0,100.0,3.09
2033403.0,Yilan,CN,46.32,129.57,07/19/20,64.58,94.0,100.0,3.42
1524302.0,Ereymentau,KZ,51.62,73.1,07/19/20,80.08,45.0,15.0,10.74
86049.0,Jalu,LY,29.03,21.55,07/19/20,72.63,59.0,0.0,9.62
6316343.0,Alta Floresta,BR,-9.88,-56.09,07/19/20,70.38,59.0,4.0,3.89
3374218.0,Santa Maria,CV,16.6,-22.9,07/19/20,77.0,83.0,40.0,11.41
3374336.0,Porto Novo,CV,17.02,-25.06,07/19/20,77.0,83.0,40.0,10.29
,,,,,,,,,
3483197.0,San Fernando,MX,24.85,-98.15,07/19/20,79.36,78.0,0.0,8.77
1153035.0,Kathu,TH,7.92,98.33,07/19/20,85.82,79.0,40.0,2.24
1506268.0,Gornopravdinsk,RU,60.05,69.9,07/19/20,62.73,67.0,54.0,10.11
355449.0,Esna,EG,25.29,32.55,07/19/20,82.4,45.0,34.0,10.11
2514651.0,Los Llanos de Aridane,ES,28.66,-17.92,07/19/20,74.91,88.0,0.0,19.46
2090021.0,Namatanai,PG,-3.67,152.43,07/19/20,85.62,64.0,4.0,9.08
1267390.0,Kavaratti,IN,10.57,72.64,07/19/20,81.5,81.0,100.0,13.94
548622.0,Kinel’-Cherkassy,RU,53.47,51.47,07/19/20,65.41,81.0,0.0,8.66
,,,,,,,,,
3924948.0,Ouro Preto do Oeste,BR,-10.75,-62.22,07/19/20,74.82,61.0,14.0,2.62
,,,,,,,,,
,,,,,,,,,
,,,,,,,,,
123941.0,Mīnāb,IR,27.15,57.08,07/19/20,93.2,67.0,75.0,9.17
,,,,,,,,,
1224061.0,Wattegama,LK,6.8,81.48,07/19/20,78.8,100.0,90.0,5.82
1261049.0,Omalur,IN,11.74,78.05,07/19/20,84.2,74.0,40.0,2.84
,,,,,,,,,
3386213.0,Touros,BR,-5.2,-35.46,07/19/20,73.4,100.0,75.0,4.7
2181625.0,Te Anau,NZ,-45.42,167.72,07/19/20,46.87,92.0,100.0,2.84
108410.0,Riyadh,SA,24.69,46.72,07/19/20,87.8,31.0,22.0,3.47
5055787.0,Kirksville,US,40.19,-92.58,07/19/20,73.44,94.0,1.0,5.82
1164896.0,Sibi,PK,29.54,67.88,07/19/20,99.36,43.0,0.0,5.17
,,,,,,,,,
4717560.0,Paris,US,33.66,-95.56,07/19/20,82.8,69.0,1.0,8.05
1337613.0,Kulhudhuffushi,MV,6.62,73.07,07/19/20,81.48,81.0,100.0,22.44
4787534.0,Sterling,US,39.01,-77.43,07/19/20,82.51,69.0,20.0,5.82
2128975.0,Nemuro,JP,43.32,145.57,07/19/20,80.6,54.0,40.0,6.93
6089245.0,Norman Wells,CA,65.28,-126.83,07/19/20,59.0,82.0,40.0,4.7
2964782.0,Dingle,IE,52.14,-10.27,07/19/20,52.07,80.0,26.0,5.88
2152659.0,Port Macquarie,AU,-31.43,152.92,07/19/20,66.99,37.0,2.0,12.44
3412888.0,Stykkisholmur,IS,65.08,-22.73,07/19/20,44.92,82.0,6.0,4.79
5954718.0,Flin Flon,CA,54.77,-101.86,07/19/20,60.91,59.0,90.0,2.55
4705041.0,Lakeway,US,30.36,-97.98,07/19/20,82.81,69.0,75.0,8.05
2270385.0,Camacha,PT,33.08,-16.33,07/19/20,69.8,77.0,40.0,17.22
3621607.0,Santa Cruz,CR,10.26,-85.59,07/19/20,75.78,87.0,100.0,4.76
2236967.0,Soyo,AO,-6.13,12.37,07/19/20,72.19,88.0,68.0,3.8
1814093.0,Dali,CN,25.7,100.18,07/19/20,66.22,84.0,100.0,4.05
3472473.0,Alto Araguaia,BR,-17.31,-53.22,07/19/20,63.27,56.0,0.0,3.85
2269142.0,Colares,PT,38.8,-9.45,07/19/20,64.99,92.0,94.0,5.01
4021858.0,Guerrero Negro,MX,27.98,-114.06,07/19/20,68.9,82.0,25.0,10.25
69559.0,Yarim,YE,14.3,44.38,07/19/20,61.41,59.0,59.0,2.21
5214814.0,Sunbury,US,40.86,-76.79,07/19/20,75.58,94.0,1.0,3.78
1272771.0,Dhilwan,IN,31.52,75.35,07/19/20,77.0,78.0,75.0,11.3
909887.0,Luangwa,ZM,-15.62,30.42,07/19/20,59.59,84.0,11.0,5.95
1264395.0,Mahendragarh,IN,28.28,76.15,07/19/20,97.36,44.0,3.0,13.42
2014808.0,Turka,RU,52.95,108.22,07/19/20,56.05,58.0,0.0,10.87
150037.0,Shelui,TZ,-4.37,34.2,07/19/20,58.66,70.0,31.0,5.41
3931255.0,Punta de Bombón,PE,-17.17,-71.79,07/19/20,59.16,78.0,98.0,7.49
,,,,,,,,,
2098329.0,Daru,PG,-9.08,143.21,07/19/20,77.31,87.0,98.0,17.98
2176639.0,Batemans Bay,AU,-35.72,150.18,07/19/20,56.57,45.0,0.0,5.99
2028462.0,Ulaanbaatar,MN,47.91,106.88,07/19/20,64.4,48.0,40.0,2.24
3651949.0,San Cristobal,EC,-0.9,-89.62,07/19/20,70.11,85.0,17.0,14.07
2075720.0,Broome,AU,-17.97,122.23,07/19/20,77.0,33.0,37.0,10.29
5927969.0,Corner Brook,CA,48.97,-57.95,07/19/20,61.29,100.0,90.0,4.7
,,,,,,,,,
110690.0,Abhā,SA,18.22,42.51,07/19/20,57.2,87.0,75.0,13.87
,,,,,,,,,
1505579.0,Inta,RU,66.03,60.17,07/19/20,63.5,56.0,2.0,6.69
358048.0,Damietta,EG,31.42,31.81,07/19/20,77.0,83.0,0.0,9.17
1298911.0,Pyu,MM,18.48,96.43,07/19/20,87.03,68.0,100.0,5.1
5966821.0,Grenfell,CA,50.42,-102.93,07/19/20,59.95,88.0,14.0,1.79
,,,,,,,,,
3660401.0,Bahía de Caráquez,EC,-0.6,-80.42,07/19/20,71.44,86.0,81.0,9.98
1082243.0,Ambilobe,MG,-13.2,49.05,07/19/20,67.69,62.0,3.0,5.1
2173911.0,Broken Hill,AU,-31.95,141.43,07/19/20,55.4,47.0,0.0,13.87
1503037.0,Kodinsk,RU,58.69,99.18,07/19/20,68.34,40.0,99.0,3.47
3941492.0,Desaguadero,PE,-16.57,-69.04,07/19/20,40.46,68.0,64.0,1.77
2038067.0,Chifeng,CN,42.27,118.96,07/19/20,85.37,23.0,0.0,7.31
5983607.0,Inuvik,CA,68.35,-133.72,07/19/20,51.8,66.0,75.0,1.59
1862505.0,Hirara,JP,24.8,125.28,07/19/20,89.6,62.0,40.0,9.17
2063523.0,Perth,AU,-31.93,115.83,07/19/20,61.95,55.0,0.0,16.11
,,,,,,,,,
2013406.0,Vidim,RU,56.41,103.11,07/19/20,62.04,44.0,51.0,4.23
1185274.0,Baniachang,BD,24.52,91.37,07/19/20,83.7,82.0,100.0,12.28
5983720.0,Iqaluit,CA,63.75,-68.51,07/19/20,41.0,100.0,90.0,11.41
,,,,,,,,,
316795.0,Develi,TR,38.39,35.49,07/19/20,64.4,68.0,0.0,3.36
,,,,,,,,,
5779548.0,Payson,US,40.04,-111.73,07/19/20,82.02,30.0,1.0,4.7
3984997.0,San Quintín,MX,30.48,-115.95,07/19/20,71.19,67.0,0.0,17.76
3389353.0,Santarém,BR,-2.44,-54.71,07/19/20,75.2,94.0,13.0,2.66
3137469.0,Sørland,NO,67.67,12.69,07/19/20,55.29,83.0,99.0,12.88
64814.0,Bandarbeyla,SO,9.49,50.81,07/19/20,80.89,59.0,99.0,29.15
1508501.0,Chadan,RU,51.28,91.58,07/19/20,74.55,50.0,26.0,2.95
5233053.0,Yankton,US,42.87,-97.4,07/19/20,72.72,83.0,1.0,3.36
524681.0,Mrakovo,RU,52.72,56.62,07/19/20,69.49,72.0,15.0,7.09
777682.0,Skjervøy,NO,70.03,20.97,07/19/20,50.7,94.0,99.0,1.19
1856392.0,Muroto-misakicho,JP,33.28,134.15,07/19/20,82.4,78.0,75.0,9.17
3899695.0,Ancud,CL,-41.87,-73.82,07/19/20,44.51,100.0,90.0,3.36
3868633.0,Vallenar,CL,-28.57,-70.76,07/19/20,56.37,73.0,100.0,0.94
3979962.0,Yavaros,MX,26.7,-109.52,07/19/20,86.0,77.0,100.0,3.0
1567681.0,Son La,VN,21.32,103.9,07/19/20,85.12,66.0,100.0,0.29
1225018.0,Vavuniya,LK,8.75,80.5,07/19/20,88.47,58.0,33.0,4.7
1637510.0,Loa Janan,ID,-0.58,117.09,07/19/20,84.13,80.0,96.0,2.91
2137773.0,Vao,NC,-22.67,167.48,07/19/20,69.4,70.0,2.0,15.35
1267776.0,Kargil,IN,34.57,76.1,07/19/20,54.61,53.0,83.0,2.53
2224212.0,Njinikom,CM,6.23,10.28,07/19/20,60.93,99.0,100.0,0.38
2155562.0,Nelson Bay,AU,-32.72,152.15,07/19/20,64.74,23.0,0.0,14.99
2013392.0,Vilyuysk,RU,63.76,121.62,07/19/20,68.36,91.0,100.0,4.72
1637001.0,Luwuk,ID,-0.95,122.79,07/19/20,84.22,67.0,45.0,6.78
1491055.0,Stantsionno-Oyashinskiy,RU,55.47,83.82,07/19/20,74.37,82.0,56.0,7.58
623760.0,Pastavy,BY,55.12,26.83,07/19/20,59.97,80.0,19.0,1.74
,,,,,,,,,
5126209.0,Mastic Beach,US,40.77,-72.85,07/19/20,75.02,88.0,90.0,10.29
743881.0,Kastamonu Province,TR,41.5,33.67,07/19/20,67.55,70.0,0.0,2.17
3620266.0,Corn Island,NI,12.17,-83.04,07/19/20,82.62,80.0,97.0,15.55
1790437.0,Zhuhai,CN,22.28,113.57,07/19/20,91.31,79.0,20.0,10.29
1337617.0,Muli,MV,2.92,73.57,07/19/20,83.66,75.0,100.0,20.45
1277769.0,Baikunthpur,IN,23.25,82.55,07/19/20,84.79,67.0,98.0,7.63
2138555.0,Poum,NC,-20.23,164.02,07/19/20,71.46,71.0,32.0,19.13
92004.0,Rāwah,IQ,34.48,41.91,07/19/20,92.05,11.0,0.0,7.25
,,,,,,,,,
3382160.0,Cayenne,GF,4.93,-52.33,07/19/20,75.2,100.0,95.0,5.88
3470137.0,Belmonte,BR,-15.86,-38.88,07/19/20,68.0,94.0,75.0,6.93
1811929.0,Ducheng,CN,23.24,111.53,07/19/20,94.41,51.0,78.0,7.09
3441702.0,Melo,UY,-32.37,-54.18,07/19/20,64.13,90.0,36.0,7.18
1185239.0,Mathbaria,BD,22.29,89.96,07/19/20,87.71,72.0,100.0,14.88
,,,,,,,,,
6148373.0,Sioux Lookout,CA,50.1,-91.92,07/19/20,57.2,71.0,75.0,6.93
5870133.0,Nome,US,64.5,-165.41,07/19/20,54.23,76.0,90.0,6.93
921786.0,Mitsamiouli,KM,-11.38,43.28,07/19/20,76.1,67.0,3.0,10.83
1734651.0,Gua Musang,MY,4.88,101.96,07/19/20,92.17,54.0,98.0,1.07
1268015.0,Kanhangad,IN,12.31,75.11,07/19/20,82.31,78.0,99.0,3.8
3892454.0,Diego de Almagro,CL,-26.37,-70.05,07/19/20,48.04,72.0,100.0,0.16
3347762.0,Lubango,AO,-14.92,13.49,07/19/20,46.54,54.0,0.0,5.08
2077895.0,Alice Springs,AU,-23.7,133.88,07/19/20,66.2,29.0,16.0,16.11
219057.0,Beni,CD,0.5,29.47,07/19/20,58.95,99.0,22.0,1.3
471245.0,Vozhega,RU,60.47,40.22,07/19/20,60.89,66.0,68.0,4.7
2064550.0,Northam,AU,-31.67,116.67,07/19/20,60.33,54.0,0.0,13.87
339219.0,Dessie,ET,11.13,39.63,07/19/20,56.25,80.0,22.0,3.83
5882953.0,Aklavik,CA,68.22,-135.01,07/19/20,51.8,66.0,75.0,5.57
2527087.0,Tiznit Province,MA,29.58,-9.5,07/19/20,76.19,40.0,0.0,0.76
,,,,,,,,,
627145.0,Kobryn,BY,52.21,24.36,07/19/20,57.2,100.0,20.0,2.24
1056899.0,Sambava,MG,-14.27,50.17,07/19/20,69.94,77.0,54.0,14.9
,,,,,,,,,
602150.0,Umeå,SE,63.83,20.26,07/19/20,62.78,100.0,91.0,4.7
1516589.0,Zhezkazgan,KZ,47.8,67.71,07/19/20,77.0,38.0,1.0,11.18
3374083.0,Bathsheba,BB,13.22,-59.52,07/19/20,82.4,74.0,40.0,13.87
5354943.0,Half Moon Bay,US,37.46,-122.43,07/19/20,61.03,87.0,90.0,4.7
,,,,,,,,,
516588.0,Nyrob,RU,60.73,56.72,07/19/20,67.35,60.0,0.0,10.38
2629833.0,Husavik,IS,66.04,-17.34,07/19/20,44.6,93.0,90.0,2.24
,,,,,,,,,
3115824.0,Muros,ES,42.78,-9.06,07/19/20,66.0,80.0,4.0,8.01
2304548.0,Anloga,GH,5.79,0.9,07/19/20,77.0,88.0,75.0,8.05
,,,,,,,,,
,,,,,,,,,
,,,,,,,,,
3356832.0,Henties Bay,NA,-22.12,14.28,07/19/20,73.0,21.0,0.0,18.14
5703673.0,Elko,US,41.0,-115.5,07/19/20,81.5,16.0,1.0,3.36
,,,,,,,,,
1785036.0,Zhangye,CN,38.93,100.45,07/19/20,87.93,13.0,34.0,9.91
3866163.0,Alta Gracia,AR,-31.65,-64.43,07/19/20,53.47,100.0,90.0,5.82
1317402.0,Kyaikkami,MM,16.08,97.57,07/19/20,83.01,76.0,100.0,2.26
3671437.0,Caucayá,CO,-0.19,-74.78,07/19/20,71.83,96.0,98.0,0.76
